CLAVE,EXP,NOMBRE,APELLIDOS,CORREO,F1,F2,F3,F4,F5,F6,F7,F8,F9,F10
,,,,,,,,,,,,,,
PMA3-301V,24070025,OMAR ALEJANDRO,ACOSTA MADRID,oa24070025@bachilleresdesonora.edu.mx,A ≥ -0.37,B > -0.82,C ≤ 44.57,D ≥ -62.93,E ≥ 27.37,F < 2.13,G ≤ -1.20,H < -3.62,I ≥ 4.08,J ≤ -2.21
,No data,No data,No data,No data,No data,No data,No data,No data,No data,No data
PMA3-301V,24070029,ELYNNA,AHUMADA GERMAN,ea24070029@bachilleresdesonora.edu.mx,A ≥ -2.07,B > -0.52,C ≥ 92.07,D ≥ -28.15,E < 309.46,F > 0.90,G ≥ -1.70,H > -0.13,I > 0.73,J ≥ 0.97
,No data,No data,No data,No data,No data,No data,No data,No data,No data,No data
PMA3-301V,24070035,MARCOS ADAN,BRACAMONTE VALDEZ,mb24070035@bachilleresdesonora.edu.mx,A ≤ 0.51,B ≥ 0.68,C ≥ 21.47,D < 15.44,E < 3.47,F < -1.04,G ≥ -1.21,H > -2.21,I < 17.18,J < 2.03
,No data,No data,No data,No data,No data,No data,No data,No data,No data,No data
PMA3-301V,24070053,EMANUEL,CASTILLO APODACA,ec24070053@bachilleresdesonora.edu.mx,A ≥ 1.31,B < -0.80,C > 22.90,D ≤ 107.60,E ≥ -1223.00,F < -1.79,G < 0.03,H ≥ -6.94,I > 1.80,J ≥ 0.46
,No data,No data,No data,No data,No data,No data,No data,No data,No data,No data
PMA3-301V,24290035,SILVESTRE ANTONIO,CORTES COTA,sc24290035@bachilleresdesonora.edu.mx,A ≥ -2.55,B ≤ 1.62,C ≥ -41.08,D > 48.46,E ≤ -89.43,F ≤ -0.16,G > 1.14,H ≤ 1.50,I ≥ -0.68,J < 2.26
,No data,No data,No data,No data,No data,No data,No data,No data,No data,No data
PMA3-301V,24070101,DANIEL EMMANUEL,CRUZ VALENZUELA,dc24070101@bachilleresdesonora.edu.mx,A < -1.67,B ≥ -0.53,C ≥ -40.15,D ≤ 6.29,E > 48.18,F < 0.73,G ≤ 13.28,H < 0.24,I ≥ 1.88,J ≥ 0.87
,No data,No data,No data,No data,No data,No data,No data,No data,No data,No data
PMA3-301V,24070389,ALEXIA NICOLE,DEL REAL ROMERO,ad24070389@bachilleresdesonora.edu.mx,A ≤ -0.73,B < -0.28,C ≤ 182.56,D ≥ -32.02,E ≤ 2.65,F ≤ -11.56,G ≥ -13.12,H < 22.93,I > 0.23,J ≥ -0.61
,No data,No data,No data,No data,No data,No data,No data,No data,No data,No data
PMA3-301V,24070127,ANA SOFIA,ESPINOZA ABRIL,ae24070127@bachilleresdesonora.edu.mx,A ≥ -0.98,B > 1.33,C ≤ -5.00,D > -11.78,E ≤ 244.59,F ≥ -0.36,G > -0.36,H > -2.35,I < -6.55,J > 1.89
,No data,No data,No data,No data,No data,No data,No data,No data,No data,No data
PMA3-301V,23070510,STEPHANY LILIANA,ESQUER AGUILAR,se23070510@bachilleresdesonora.edu.mx,A < -1.42,B ≤ -1.16,C < -19.73,D > 1.60,E > 17.37,F ≥ -0.84,G < 0.59,H < 2.53,I > 0.42,J ≤ 0.12
,No data,No data,No data,No data,No data,No data,No data,No data,No data,No data
PMA3-301V,24070126,JESUS FERRER,ESTRELLA VALENZUELA,je24070126@bachilleresdesonora.edu.mx,A ≤ 3.60,B ≤ 1.09,C ≥ -37.92,D < -42.88,E < 22.11,F > -1.29,G > -0.52,H ≤ -3.81,I ≥ -2.82,J < 4.64
,No data,No data,No data,No data,No data,No data,No data,No data,No data,No data
PMA3-301V,24080166,SEBASTIAN ANTONIO,FELIX ACOSTA,sf24080166@bachilleresdesonora.edu.mx,A ≥ 3.00,B > -3.57,C < 4.59,D < 38.79,E ≤ 165.50,F < -0.84,G > -0.46,H > -2.66,I < -15.70,J ≥ 0.92
,No data,No data,No data,No data,No data,No data,No data,No data,No data,No data
PMA3-301V,24050148,BRANDON ALBERTO,FERNANDEZ BRACAMONTES,bf24050148@bachilleresdesonora.edu.mx,A > -0.33,B < -1.80,C ≥ -55.55,D < -6.95,E < -2.88,F > 0.03,G ≤ 1.71,H > 0.54,I ≤ 1.32,J ≤ -6.23
,No data,No data,No data,No data,No data,No data,No data,No data,No data,No data
PMA3-301V,24070142,JESUS EFREN,FERNANDEZ GRANILLO,jf24070142@bachilleresdesonora.edu.mx,A > -1.47,B ≤ -1.76,C ≥ -25.52,D < -43.96,E ≤ -182.17,F ≤ -1.15,G < 5.77,H ≥ -8.09,I < 13.90,J < -0.49
,No data,No data,No data,No data,No data,No data,No data,No data,No data,No data
PMA3-301V,24070153,ANGEL ANTONIO,FIMBRES RUIZ,af24070153@bachilleresdesonora.edu.mx,A ≥ -0.85,B ≤ 2.51,C < -1.04,D < -10.81,E < 27.18,F > 0.43,G > 1.33,H ≥ -7.44,I > 0.48,J ≤ -0.66
,No data,No data,No data,No data,No data,No data,No data,No data,No data,No data
PMA3-301V,24070165,HANNA CAMILA,GARCIA FIERROS,hg24070165@bachilleresdesonora.edu.mx,A ≤ 0.36,B < -0.34,C < 32.16,D < 104.66,E > -77.65,F < 2.00,G > -0.12,H < -2.42,I > -1.61,J > 0.27
,No data,No data,No data,No data,No data,No data,No data,No data,No data,No data
PMA3-301V,24070192,IVANNA GABRIELA,GUILLEN RUIZ,ig24070192@bachilleresdesonora.edu.mx,A ≥ 5.88,B < -2.20,C ≤ -493.00,D < 24.34,E > -59.47,F < -1.11,G < -0.03,H ≥ 2.39,I > -0.46,J ≤ -0.18
,No data,No data,No data,No data,No data,No data,No data,No data,No data,No data
PMA3-301V,24080605,JOSE ALBERTO,GUZMAN MARTINEZ,jg24080605@bachilleresdesonora.edu.mx,A ≥ -0.15,B > -0.74,C ≤ -120.00,D ≥ -0.90,E ≤ 783.75,F ≤ 2.18,G > 0.19,H ≥ 1.86,I ≥ -0.04,J > -3.29
,No data,No data,No data,No data,No data,No data,No data,No data,No data,No data
PMA3-301V,24070195,LUIS FELIPE,HAROS SALCIDO,lh24070195@bachilleresdesonora.edu.mx,A > -0.09,B > 0.98,C > 39.34,D < 33.54,E ≥ 17.74,F ≥ -1.48,G < 6.65,H < 4.57,I < -4.63,J ≥ 0.62
,No data,No data,No data,No data,No data,No data,No data,No data,No data,No data
PMA3-301V,24050207,JAVIER SANTIAGO,HERNANDEZ DIAZ,jh24050207@bachilleresdesonora.edu.mx,A > 0.76,B < 0.86,C > -3.46,D ≥ -24.50,E ≤ 156.02,F ≥ 0.70,G ≤ -0.05,H ≥ -9.53,I < 0.94,J ≥ -1.34
,No data,No data,No data,No data,No data,No data,No data,No data,No data,No data
PMA3-301V,24070232,FRANCISCO ISRAEL,LOPEZ CONTRERAS,fl24070232@bachilleresdesonora.edu.mx,A > 2.10,B ≥ 1.55,C > -64.79,D ≤ -17.06,E > 85.02,F ≥ 0.19,G ≤ -0.50,H ≤ -3.84,I ≥ 0.20,J < 1.60
,No data,No data,No data,No data,No data,No data,No data,No data,No data,No data
PMA3-301V,24070592,DANIEL FERNANDO,LOPEZ MENDOZA,dl24070592@bachilleresdesonora.edu.mx,A ≥ 2.52,B ≥ -10.50,C > -57.08,D > 25.73,E ≥ -95.00,F ≤ -1.50,G ≥ -0.16,H < -3.34,I > 0.32,J ≤ 0.79
,No data,No data,No data,No data,No data,No data,No data,No data,No data,No data
PMA3-301V,24070238,JOSUE ANTONIO,LOPEZ MUÑOZ,jl24070238@bachilleresdesonora.edu.mx,A ≤ -0.30,B > 0.83,C < 26.39,D > 14.96,E > 42.97,F > -0.12,G > 1.71,H ≥ 0.80,I ≤ 8.61,J ≥ 2.66
,No data,No data,No data,No data,No data,No data,No data,No data,No data,No data
PMA3-301V,24080294,DIANA VICTORIA,LORETO PEREZ,dl24080294@bachilleresdesonora.edu.mx,A ≤ 1.36,B ≤ 0.12,C < 38.67,D > -69.63,E < 59.46,F ≤ -0.95,G > 5.42,H ≤ -1.89,I ≤ -2.17,J ≤ -1.05
,No data,No data,No data,No data,No data,No data,No data,No data,No data,No data
PMA3-301V,24070257,KEVIN,MARTINEZ CRUZ,km24070257@bachilleresdesonora.edu.mx,A ≤ 13.92,B ≤ -1.66,C > 86.71,D < -19.14,E < -15.94,F > 0.83,G < 0.62,H ≤ -11.24,I ≤ -1.74,J ≤ 0.49
,No data,No data,No data,No data,No data,No data,No data,No data,No data,No data
PMA3-301V,24070265,JONATHAN SAMUEL,MARTINEZ HERNANDEZ,jm24070265@bachilleresdesonora.edu.mx,A > -2.88,B ≤ -1.28,C ≥ 119.22,D ≥ -82.52,E ≥ 70.00,F < 0.25,G > 1.06,H ≥ 1.93,I > 0.75,J ≥ -0.41
,No data,No data,No data,No data,No data,No data,No data,No data,No data,No data
PMA3-301V,24070289,VICTOR EMMANUEL,MENDEZ VELEZ,vm24070289@bachilleresdesonora.edu.mx,A ≥ 3.89,B > -0.74,C > 23.88,D ≤ -6.10,E ≥ 5.55,F < 0.90,G < -5.91,H > 0.71,I ≥ -0.71,J ≥ 1.07
,No data,No data,No data,No data,No data,No data,No data,No data,No data,No data
PMA3-301V,24070299,ALONDRA ARELI,MORALES MARIN,am24070299@bachilleresdesonora.edu.mx,A ≥ -1.47,B ≤ -1.41,C > 16.30,D > -20.00,E > -174.59,F ≥ -0.37,G > 1.60,H > -0.69,I < -3.07,J > -0.52
,No data,No data,No data,No data,No data,No data,No data,No data,No data,No data
PMA3-301V,24070340,NELLY JUDITH,OROZCO VALDEZ,no24070340@bachilleresdesonora.edu.mx,A > 1.96,B ≥ -0.17,C ≥ 3.36,D < -368.33,E > -31.13,F ≤ -0.57,G ≥ -0.86,H > -0.59,I < 0.83,J < 0.54
,No data,No data,No data,No data,No data,No data,No data,No data,No data,No data
PMA3-301V,24070330,NORAEM LEILANI,ORTEGA DOJAQUE,no24070330@bachilleresdesonora.edu.mx,A < -0.44,B ≥ 0.00,C > -2.52,D ≤ -27.43,E ≥ -408.05,F > 2.73,G ≤ -2.00,H ≤ -3.34,I ≤ 3.33,J < 0.71
,No data,No data,No data,No data,No data,No data,No data,No data,No data,No data
PMA3-301V,24070343,JEYRI EDREI,PACHECO ESPINOZA,jp24070343@bachilleresdesonora.edu.mx,A < -1.35,B ≤ 1.38,C < -37.14,D ≤ 34.76,E ≤ -18.78,F < -0.90,G < -0.90,H ≤ -1.17,I ≥ 0.66,J ≤ -3.00
,No data,No data,No data,No data,No data,No data,No data,No data,No data,No data
PMA3-301V,24070384,KAMILA YASSIEL,RAMIREZ SALCEDA,kr24070384@bachilleresdesonora.edu.mx,A > 1.79,B < -0.46,C > -42.95,D ≤ 47.88,E ≤ -663.43,F > 1.48,G ≤ 0.30,H < 1.20,I ≤ -13.21,J ≤ 7.89
,No data,No data,No data,No data,No data,No data,No data,No data,No data,No data
PMA3-301V,24080430,MARCO EDUARDO,RAMOS ESPINOZA,mr24080430@bachilleresdesonora.edu.mx,A ≤ -0.66,B ≥ 4.30,C < -90.32,D ≤ 31.14,E ≤ 33.92,F ≥ 0.49,G > -1.63,H ≤ 19.11,I > 0.07,J > -0.83
,No data,No data,No data,No data,No data,No data,No data,No data,No data,No data
PMA3-301V,24070421,ERNESTO,SAAVEDRA CERVANTES,es24070421@bachilleresdesonora.edu.mx,A ≥ 2.95,B ≤ 0.63,C > 47.32,D ≤ -33.23,E ≤ -432.71,F ≥ -0.73,G < 0.80,H > -1.14,I < 11.71,J < -1.38
,No data,No data,No data,No data,No data,No data,No data,No data,No data,No data
PMA3-301V,24070428,ROMINA SARAHI,SALCIDO LOPEZ,rs24070428@bachilleresdesonora.edu.mx,A ≤ 0.61,B > 1.27,C ≥ 132.27,D > -8.84,E ≤ -12.60,F ≤ -0.19,G ≥ 0.43,H ≤ -1.79,I < -0.56,J > 1.43
,No data,No data,No data,No data,No data,No data,No data,No data,No data,No data
PMA3-301V,24070431,LUZ VICTORIA,SANTOSCOY OCAMPO,ls24070431@bachilleresdesonora.edu.mx,A > 0.53,B ≤ 3.10,C ≥ 2.34,D < -15.36,E > 1031.12,F ≤ 2.85,G ≥ 3.56,H < -2.64,I > 0.26,J < 1.34
,No data,No data,No data,No data,No data,No data,No data,No data,No data,No data
PMA3-301V,24070453,JORGE ARTURO,TEJEDA LORETO,jt24070453@bachilleresdesonora.edu.mx,A < 0.60,B > -0.48,C < -34.65,D ≥ 64.64,E < 1520.62,F > -1.72,G < 2.29,H < 2.15,I ≤ 0.53,J ≥ 0.84
,No data,No data,No data,No data,No data,No data,No data,No data,No data,No data
PMA3-301V,24070493,ANGEL GABRIEL,VALENZUELA CANTU,av24070493@bachilleresdesonora.edu.mx,A ≥ -1.88,B ≥ 0.67,C < 39.29,D < -78.67,E < 27.67,F > -14.75,G > 0.27,H > 1.44,I ≤ -2.33,J < -3.27
,No data,No data,No data,No data,No data,No data,No data,No data,No data,No data
PMA3-301V,24070476,ALEXIA,VARGAS ORTIZ,av24070476@bachilleresdesonora.edu.mx,A < -5.20,B ≤ 0.41,C ≤ -36.67,D > -31.13,E ≤ 222.45,F < 0.41,G ≤ 0.07,H ≥ 0.54,I ≤ -1.22,J < 0.48
,No data,No data,No data,No data,No data,No data,No data,No data,No data,No data
PMA3-301V,24070492,ALEXA GUADALUPE,VILLEGAS VAZQUEZ,av24070492@bachilleresdesonora.edu.mx,A ≥ -0.74,B < -1.60,C > -28.80,D ≥ -33.94,E ≤ -0.67,F ≥ -5.12,G > -1.06,H > -0.84,I ≤ -1.40,J < -2.58
,No data,No data,No data,No data,No data,No data,No data,No data,No data,No data
PMA3-301V,24070496,JESUS DAVID,YEPIZ GARCIA,jy24070496@bachilleresdesonora.edu.mx,A < 0.74,B ≥ -0.68,C ≥ -173.57,D > -43.90,E ≤ 40.04,F < -3.10,G > 6.30,H ≥ 5.01,I > 25.18,J ≤ -0.48
,No data,No data,No data,No data,No data,No data,No data,No data,No data,No data
PMA3-302V,24070030,JESUS ALEJANDRO,AHUMADA GERMAN,ja24070030@bachilleresdesonora.edu.mx,A ≤ -2.75,B ≤ -4.21,C < -10.48,D ≥ 56.74,E < -4.62,F > 2.09,G ≥ 1.18,H > 2.84,I > 0.70,J < -1.54
,No data,No data,No data,No data,No data,No data,No data,No data,No data,No data
PMA3-302V,24070001,FERNANDO MATIAS,ARAGON BOJORQUEZ,fa24070001@bachilleresdesonora.edu.mx,A < 1.76,B ≤ 1.10,C > 647.67,D ≥ 371.12,E < 82.30,F ≥ 1.54,G > 4.23,H > -0.16,I < -0.58,J ≤ -18.65
,No data,No data,No data,No data,No data,No data,No data,No data,No data,No data
PMA3-302V,24070045,JESUS FABIAN,BOJORQUEZ QUINTERO,jb24070045@bachilleresdesonora.edu.mx,A < -0.60,B < 5.70,C < -648.75,D < -70.02,E ≥ -414.83,F ≤ -9.25,G ≥ 0.38,H < -19.38,I > 0.20,J > 4.58
,No data,No data,No data,No data,No data,No data,No data,No data,No data,No data
PMA3-302V,24070083,SOL NALLELY,CALDERON VASQUEZ,sc24070083@bachilleresdesonora.edu.mx,A < 1.48,B ≤ 0.59,C > 182.00,D > 68.36,E > 56.42,F > -0.41,G ≥ 0.50,H ≥ 2.85,I ≤ -1.59,J > 0.95
,No data,No data,No data,No data,No data,No data,No data,No data,No data,No data
PMA3-302V,24050091,SHERLYN YUNARI,CASTRO VAZQUEZ,sc24050091@bachilleresdesonora.edu.mx,A > 2.32,B ≥ 1.11,C ≥ 15.47,D < -90.79,E ≤ 2.70,F ≥ -1.99,G > 0.94,H < 0.26,I ≤ 5.54,J ≥ -0.42
,No data,No data,No data,No data,No data,No data,No data,No data,No data,No data
PMA3-302V,25070536,DAVID CALEB,CHAPARRO FELIX,dc25070536@bachilleresdesonora.edu.mx,A ≥ -2.55,B ≥ 1.36,C ≤ -95.17,D ≤ 79.46,E > -30.85,F > -1.20,G ≥ 4.83,H > 0.27,I > -0.12,J < 1.28
,No data,No data,No data,No data,No data,No data,No data,No data,No data,No data
PMA3-302V,24070095,DENIA CAMILA,CONTRERAS ROSAS,dc24070095@bachilleresdesonora.edu.mx,A < 1.46,B ≥ -0.06,C > -37.71,D > -15.00,E ≥ 422.57,F < -3.71,G > 1.13,H ≥ -0.47,I < -12.71,J < -1.77
,No data,No data,No data,No data,No data,No data,No data,No data,No data,No data
PMA3-302V,24070091,RODRIGO,CORDOVA CAMOU,rc24070091@bachilleresdesonora.edu.mx,A ≥ 0.03,B < 5.86,C < 77.50,D ≥ 22.74,E > -9.14,F < 0.92,G ≥ -0.13,H ≤ 0.43,I ≥ 30.66,J ≥ 79.89
,No data,No data,No data,No data,No data,No data,No data,No data,No data,No data
PMA3-302V,24070092,RICHELLE TAYDE,CORDOVA MORALES,rc24070092@bachilleresdesonora.edu.mx,A > -9.08,B > 0.70,C < 54.86,D ≤ 17.64,E > -51.41,F < 0.97,G < 0.35,H < 5.11,I ≥ -0.79,J > -4.88
,No data,No data,No data,No data,No data,No data,No data,No data,No data,No data
PMA3-302V,25070535,CRISTIAN,CORTES ALCANTARA,cc25070535@bachilleresdesonora.edu.mx,A ≥ -0.93,B < 4.19,C < -120.55,D < 45.55,E > 379.50,F > 1.90,G < -1.34,H ≤ 0.55,I < 0.55,J ≥ -0.27
,No data,No data,No data,No data,No data,No data,No data,No data,No data,No data
PMA3-302V,24070098,BRIANNA,CRUZ ESTRELLA,bc24070098@bachilleresdesonora.edu.mx,A < 2.39,B > -0.73,C > 470.40,D ≥ -61.84,E < -1682.00,F < 0.27,G < -3.73,H < -0.58,I > -5.27,J ≥ 0.63
,No data,No data,No data,No data,No data,No data,No data,No data,No data,No data
PMA3-302V,24280075,DANNA MARIA,CUAMEA MALDONADO,dc24280075@bachilleresdesonora.edu.mx,A > -0.35,B < 0.40,C > 164.89,D ≤ 13.15,E < 8.23,F > -0.48,G > 3.54,H > -2.45,I ≤ -0.80,J > 0.77
,No data,No data,No data,No data,No data,No data,No data,No data,No data,No data
PMA3-302V,24070105,ALAN EMILIO,DAVILA CORDOVA,ad24070105@bachilleresdesonora.edu.mx,A ≥ -1.93,B < -1.11,C ≤ 34.52,D ≤ 57.00,E > 33.48,F > 1.08,G ≤ -0.99,H ≥ -5.50,I < -17.22,J ≥ -2.54
,No data,No data,No data,No data,No data,No data,No data,No data,No data,No data
PMA3-302V,24080132,VALENTINA,DUARTE ACOSTA,vd24080132@bachilleresdesonora.edu.mx,A ≤ -0.81,B > -0.87,C ≥ 82.29,D ≤ 51.24,E > -17.49,F ≤ 0.61,G ≥ -1.79,H > -0.36,I > 5.81,J > -0.30
,No data,No data,No data,No data,No data,No data,No data,No data,No data,No data
PMA3-302V,24070114,FATIMA,DURAZO DELGADO,fd24070114@bachilleresdesonora.edu.mx,A ≤ 0.85,B ≤ -0.15,C ≤ -84.56,D < -30.75,E ≥ -530.31,F > -0.45,G ≥ -2.37,H > 0.62,I < -0.57,J > 0.79
,No data,No data,No data,No data,No data,No data,No data,No data,No data,No data
PMA3-302V,24070157,SOFIA,FLORES BUSTAMANTE,sf24070157@bachilleresdesonora.edu.mx,A < -0.36,B > -5.40,C > 321.54,D < 84.90,E ≤ 108.31,F < -0.69,G < 0.72,H > -0.50,I > -1.31,J ≥ -0.30
,No data,No data,No data,No data,No data,No data,No data,No data,No data,No data
PMA3-302V,24070173,EVELYN DAYAN,GARCIA MARTINEZ,eg24070173@bachilleresdesonora.edu.mx,A ≥ 0.30,B ≤ -6.57,C < 127.81,D > -59.15,E ≥ -15.84,F > -1.29,G < -6.20,H < 0.86,I ≥ -2.16,J < 2.48
,No data,No data,No data,No data,No data,No data,No data,No data,No data,No data
PMA3-302V,24070186,ANNA VICTORIA,GONZALEZ OCHOA,ag24070186@bachilleresdesonora.edu.mx,A ≤ 2.65,B ≥ -0.55,C ≤ -52.85,D ≤ -20.08,E < -2235.25,F ≤ 16.40,G < 2.36,H > -0.68,I ≥ 12.32,J ≥ 2.00
,No data,No data,No data,No data,No data,No data,No data,No data,No data,No data
PMA3-302V,24070182,JOSE ROBERTO,GRIEGO EVANGELISTA,jg24070182@bachilleresdesonora.edu.mx,A > 4.07,B < 0.87,C < -43.56,D > -111.67,E < 133.76,F ≤ -3.39,G > -0.41,H ≤ 1.47,I ≤ -3.53,J < 1.22
